name,category,spanish,participation,country,region,season,summary,ages,price,nationality,validity,website,facebook,source,host,references
Bansko Town (base city),organic,False,,Bulgaria,Bansko,Best Dec-Apr,A family-gathering destination in Bansko.,All,Low cost of living,UK / Dutch / Israeli,High,theworldschoolatlas.com/listing/bansko-town/,,web research (Worldschool Atlas),,Website: https://theworldschoolatlas.com/listing/bansko-town/ ; Worldschool Atlas directory: https://theworldschoolatlas.com/ ; Parenting&Passports — Bansko (R8): https://parentingandpassports.com/worldschooling-community-bansko-bulgaria/ ; Education Next — Bansko (R12): https://www.educationnext.in/posts/bansko-the-world-schooling-capital-of-the-world ; TRVbox (HE) — Bansko with kids (R94): https://www.trvbox.co.il/bansko-with-kids/
Cyprus (Limassol/Larnaca),organic,False,family,Cyprus,Limassol,Year-round,"Relocation-grade Israeli nesting base (~800 families Limassol/~400 Larnaca) with British/IB schools, Hebrew daycares and Chabad—year-round.",,,Israeli + British + Russian,High,,,web research (gathering-places + Spanish cut + traveling),,Ynet (HE) — Limassol (R27): https://www.ynet.co.il/news/article/yokra14738200 ; Times of Israel — ~800 families (R30): https://www.timesofisrael.com/
Goa (Arambol/Mandrem),organic,False,family,India,Arambol,Nov–Mar,"Long-running Israeli (Arambol) and Russian (Morjim) winter-nesting coast in India with Hebrew kindergartens and beach playgroups, Nov–Mar.",,,Israeli + Russian,High,,,web research (gathering-places + Spanish cut + traveling),,Education Next — Goa (R13): https://www.educationnext.in/posts/goa-a-paradise-for-worldschooling-families-with-a-global-flair ; Tablet — Lost in Goa (R104): https://www.tabletmag.com/sections/news/articles/lost-in-goa
Hakuba International (term/year),organic,False,family,Japan,"Hakuba Mura, Nagano",Short or long term; ski season,Homeschool families join an international school for a term/year. Mountain town.,School-age,Varies,,web candidate (Medium),theworldschoolatlas.com/listing/hakuba-japan...,,web research (Worldschool Atlas),,Website: https://theworldschoolatlas.com/listing/hakuba-japan... ; Worldschool Atlas directory: https://theworldschoolatlas.com/
Kuala Lumpur,organic,False,family,Malaysia,KL,Year-round,Year-round Malaysian city repeatedly named the best SE-Asia base for homeschooling community and flexible long stays.,,,Mixed intl,High,,,web research (gathering-places + Spanish cut + traveling),,Parenting&Passports — KL (R2): https://parentingandpassports.com/worldschooling-slow-travel-southeast-asia/
Penang,organic,False,family,Malaysia,Penang,Year-round,"Stable Malaysian 'school base' for SE-Asia slow travel, with deep German and British expat societies.",,,German + British,Med,,,web research (gathering-places + Spanish cut + traveling),,TraveLynn Family — Penang (R44): https://www.travelynnfamily.com/
Worldschoolers in Kuala Lumpur,organic,False,family,Malaysia,Kuala Lumpur,Year round,Year-round Malaysian city repeatedly named the best SE-Asia base for homeschooling community and flexible long stays.,"{""min"": 5, ""note"": ""5+""}",Free,,from PDF,,https://www.facebook.com/WorldschoolersinKualaLumpur,PDF (June-2026 listing),,Facebook / Instagram: https://www.facebook.com/WorldschoolersinKualaLumpur ; Worldschooling Hubs Worldwide (Listing) — June 2026  ·  manual_sources/:  ; Parenting&Passports — KL (R2): https://parentingandpassports.com/worldschooling-slow-travel-southeast-asia/
Lisbon / Cascais,organic,False,family,Portugal,Lisbon,Year-round,"Safe, walkable EU base; a US/British international scene plus a growing Israeli relocation cluster around Cascais/Lisbon.",,,US/British + Israeli,Med,,,web research (gathering-places + Spanish cut + traveling),,Vital & Omer (HE) — Cascais/Lisbon (R98): https://vitalandomer.co.il/kids
Bliss Hubs Pai,organic,False,family,Thailand,Pai (northern highlands),Nov–early Feb,Confirmed Israeli families + Israeli 'forest school' moved from Goa to Pai. Free community hub.,All,Free (WhatsApp self-organized),Israeli,High,blissinvestor.com/community/world-schoolers-in-pai-thailand/,facebook.com/groups/worldschoolersinthailand,web research (Bliss Hubs; Times of Israel),Bliss Investor,Website: https://blissinvestor.com/community/world-schoolers-in-pai-thailand/ ; Facebook / Instagram: https://facebook.com/groups/worldschoolersinthailand ; Bliss Hubs directory: https://blissinvestor.com/ ; Bangkok Post — Pai nationalities (R105): https://www.bangkokpost.com/thailand/general/2964833/israelis-under-immigration-microscope-in-pai
Chiang Mai,organic,False,family,Thailand,Chiang Mai,Nov–early Feb,"Decade-old SE-Asia family base with cafes, meetups and an intl/Israeli scene; families leave Feb–Apr for the burning season.",,,Intl + Israeli,High,,,web research (gathering-places + Spanish cut + traveling),,Worldly Tribe — Chiang Mai families (R6): https://worldlytribe.com/family-friendly-guide-to-living-in-chiang-mai-thailand-for-digital-nomads/ ; Maariv (HE) — Israeli families Chiang Mai (R32): https://www.maariv.co.il/news/world/article-1251250
Koh Lanta,organic,False,family,Thailand,Koh Lanta,Nov–Apr/May,The 'Swedish island' of Thailand—two accredited Swedish schools and a Scandinavian family bubble that runs Nov–Apr with the school calendar.,,,Swedish/Scandinavian,High,,,web research (gathering-places + Spanish cut + traveling),,Scandasia — Koh Lanta Swedish (R103): https://scandasia.com/3397-taking-thaim-out-immensely-popular-among-the-swedes/ ; Parenting&Passports — Koh Lanta (R9): https://parentingandpassports.com/
Koh Phangan,organic,False,family,Thailand,Koh Phangan,Nov–Apr,"Tropical island with a dense (~2,500–4,000) Israeli family community and Hebrew forest/alt-schools; under legal scrutiny after 2026 school raids.",,,Israeli (+Russian/French),High,,,web research (gathering-places + Spanish cut + traveling),,Mako (HE) — Narnia forest school (R34): https://www.mako.co.il/home-family-kids/back_to_school/Article-0fb52656bdb0281027.htm ; East34 (HE) — Israeli communities (R33): https://east34.com/all-site/life-leisure/21542/
Pai,organic,False,family,Thailand,Mae Hong Son,Nov–early Feb,"Cool-season mountain town in N. Thailand where worldschooling families—heavily Israeli—cluster Nov–Feb, emptying out when burning-season haze arrives.",,,Israeli (visible) / UK by headcount,High,,,web research (gathering-places + Spanish cut + traveling),,Bliss Investor — Pai (R19): https://blissinvestor.com/community/world-schoolers-in-pai-thailand/ ; Bangkok Post — Pai nationalities (R105): https://www.bangkokpost.com/thailand/general/2964833/israelis-under-immigration-microscope-in-pai
Hoi An / An Bang,organic,False,family,Vietnam,Hoi An,Jan–May,"Charming, walkable, affordable central-Vietnam base with a 30+ family worldschool community; comfortable Jan–May, avoid Oct–Nov floods.",,,Anglophone intl + Israeli,High,,,web research (gathering-places + Spanish cut + traveling),,World Travel Ambitions — Hoi An (R15): https://worldtravelambitions.com/blog/worldschooling-hoi-an-vietnam-5-year-journey-accident-to-intention/ ; Thinking Nomads — Hoi An (R109): https://thinkingnomads.com/living-in-vietnam-with-children-hoi-an/
Worldschoolers of Hoi An,organic,False,family,Vietnam,Hoi An,All year ongoing; minimum 1-month stay,Daily excursions; community-run schedule of events for families and teens,"{""note"": ""All ages""}",Free,,from PDF,,https://m.facebook.com/groups/1137478175223942,PDF (June-2026 listing),Liessl,Facebook / Instagram: https://m.facebook.com/groups/1137478175223942 ; Worldschooling Hubs Worldwide (Listing) — June 2026  ·  manual_sources/:  ; World Travel Ambitions — Hoi An (R15): https://worldtravelambitions.com/blog/worldschooling-hoi-an-vietnam-5-year-journey-accident-to-intention/ ; Thinking Nomads — Hoi An (R109): https://thinkingnomads.com/living-in-vietnam-with-children-hoi-an/
HOLSS School (NAM),permanent_commercial,False,dropoff,Colombia,Palomino,Term / cohort,"Bilingual holistic coastal school, small classes, plant-based meals.",2-14,Varies,,web candidate (Medium),holss.org,,web research (RemoteFamily),NAM,Website: https://holss.org ; RemoteFamily directory: https://remotefamily.com/
Soy Montesser,permanent_commercial,True,dropoff,Colombia,"Medellin, Antioquia",30-day terms,"Full-term Montessori school, Medellin.",School-age,~$360/mo,,web candidate (Medium),worldschooly.com/hub/soy-montesser/,,web research (Worldschooly),,Website: https://worldschooly.com/hub/soy-montesser/ ; Worldschooly directory: https://worldschooly.com/hubs/
Guanacaste Children's Community Center,permanent_commercial,True,dropoff,Costa Rica,Huacas,Year round except for the last 2 weeks in August,"Montessori-inspired academics, bilingual instruction, nature-based hands-on learning, life skills, community volunteering and events","{""note"": ""18 months \u2013 14 years""}",$250 weekly / $600 monthly (1 week minimum),,from PDF,https://www.gccckids.com,,PDF (June-2026 listing),Katherine & Roxana,Website: https://www.gccckids.com ; Worldschooling Hubs Worldwide (Listing) — June 2026  ·  manual_sources/: 
Harmony Learning Center,permanent_commercial,False,,Costa Rica,Guanacaste,30-day,"Permanent learning center, Guanacaste. 5.0 (1 review).",Mixed,~$500/mo,,web candidate (Medium),worldschooly.com/hub/harmony-learning-center/,,web research (Worldschooly),,Website: https://worldschooly.com/hub/harmony-learning-center/ ; Worldschooly directory: https://worldschooly.com/hubs/
Milestones School,permanent_commercial,False,dropoff,Costa Rica,"Tamarindo, Guanacaste",30-day,"Full-term school accepting worldschoolers, Tamarindo.",School-age,~$250/mo,,web candidate (Medium),worldschooly.com,,web research (Worldschooly),,Website: https://worldschooly.com ; Worldschooly directory: https://worldschooly.com/hubs/
WISE Education,permanent_commercial,False,dropoff,Costa Rica,Guanacaste,Short-term,"Full-term school, Guanacaste.",Mixed,~$150,,web candidate (Medium),worldschooly.com/hub/wise-education/,,web research (Worldschooly),WISE,Website: https://worldschooly.com/hub/wise-education/ ; Worldschooly directory: https://worldschooly.com/hubs/
ÎleO Worldschool,permanent_commercial,False,dropoff,Curaçao,Curaçao,1-3 month cohorts,"Permanent school, 5 learning pillars, co-working for parents.",1.5-13,Varies,,web candidate (Medium),ileo.life,,web research (RemoteFamily),ÎleO,Website: https://ileo.life ; RemoteFamily directory: https://remotefamily.com/
Samana International Academy,permanent_commercial,False,dropoff,Dominican Republic,Samana,30-day terms,Full-term international school accepting worldschoolers.,School-age,"~$2,375/mo",,web candidate (Medium),worldschooly.com/hub/samana-international-academy/,,web research (Worldschooly),,Website: https://worldschooly.com/hub/samana-international-academy/ ; Worldschooly directory: https://worldschooly.com/hubs/
Punta la Barca,permanent_commercial,True,family,Ecuador,Pacific coast,Coliving,Montessori-inspired coliving with reliable WiFi.,All,Varies,,web candidate (Medium),puntalabarca.com,,web research (WorldlyTribe),Punta la Barca,Website: https://puntalabarca.com ; WorldlyTribe directory: https://worldlytribe.com/worldschooling-hubs-directory/
Antigua Green School,permanent_commercial,False,dropoff,Guatemala,Antigua Guatemala,60-day,Full-term green school. 3rd Antigua hub alongside your existing two.,School-age,~$325/mo,Anglo-Western,web candidate (Medium),worldschooly.com,,web research (Worldschooly),,Website: https://worldschooly.com ; Worldschooly directory: https://worldschooly.com/hubs/ ; Antigüeña Spanish Academy (R110): https://www.spanishacademyantiguena.com/ ; No Back Home — Guatemala schools (R110): https://nobackhome.com/spanish-schools-in-guatemala/
Eco Holistic Kids Club,permanent_commercial,False,,Guatemala,"Jocotenango, Sacatepequez",30-day,Holistic kids club near Antigua.,Children,~$185/mo,,web candidate (Medium),worldschooly.com/hub/eco-holistic-kids-club/,,web research (Worldschooly),,Website: https://worldschooly.com/hub/eco-holistic-kids-club/ ; Worldschooly directory: https://worldschooly.com/hubs/
Worldschooling Hub Goa,permanent_commercial,False,dropoff,India,Goa (Arambol area),Nov–Apr,"Nature-based learning, culture immersion, teen workshops. Israeli community concentrated in Arambol.",3-16,Varies,Israeli (+ Russian),High,worldschoolinghubgoa.com,instagram.com/worldschoolinghubgoa,web research (educationnext; WorldlyTribe; own site),,Website: https://worldschoolinghubgoa.com ; Facebook / Instagram: https://instagram.com/worldschoolinghubgoa ; WorldlyTribe directory: https://worldlytribe.com/worldschooling-hubs-directory/ ; educationnext directory: https://www.educationnext.in/ ; Education Next — Goa (R13): https://www.educationnext.in/posts/goa-a-paradise-for-worldschooling-families-with-a-global-flair ; Tablet — Lost in Goa (R104): https://www.tabletmag.com/sections/news/articles/lost-in-goa
Future Human Project,permanent_commercial,False,dropoff,Indonesia,"Ubud, Bali",56-day,"A drop-off commercial worldschool hub in Ubud, Bali.",Children,"~$2,200",,DUP→Future Human School Bali,worldschooly.com/hub/future-human-project/,,web research (Worldschooly),,Website: https://worldschooly.com/hub/future-human-project/ ; Worldschooly directory: https://worldschooly.com/hubs/
Future Human School Bali,permanent_commercial,False,dropoff,Indonesia,Ubud,All year; 8–10 weeks dependent on national holidays,A drop-off commercial worldschool hub in Ubud.,"{""note"": ""9\u201310, 11\u201316""}","$2,200 – $3,000",,DUP→Future Human School Bali,,,PDF (June-2026 listing),Richard Flanagan,Worldschooling Hubs Worldwide (Listing) — June 2026  ·  manual_sources/: 
Wonder Intercultural School,permanent_commercial,False,family,Indonesia,Lombok,Term enrollment,Bilingual nature-based intercultural school for travelling families.,All,Varies,,web candidate (Medium),wonderschool.cc,,web research (WorldlyTribe),Wonder School,Website: https://wonderschool.cc ; WorldlyTribe directory: https://worldlytribe.com/worldschooling-hubs-directory/
Wood School Bali,permanent_commercial,False,dropoff,Indonesia,Bali,30-day,A drop-off commercial worldschool hub in Bali.,Mixed,~$660/mo,,web candidate (Medium),worldschooly.com,,web research (Worldschooly),,Website: https://worldschooly.com ; Worldschooly directory: https://worldschooly.com/hubs/
Sekoly Kintana Madagascar,permanent_commercial,False,dropoff,Madagascar,"Fort-Dauphin, Anosy",Term (~190d),"Full-term school, Madagascar (rare-coverage country).",School-age,"~$2,275",,web candidate (Medium),worldschooly.com,,web research (Worldschooly),,Website: https://worldschooly.com ; Worldschooly directory: https://worldschooly.com/hubs/
TFA Worldschooling Hub,permanent_commercial,False,dropoff,Malaysia,Pahang,56-day,"Experiential learning hub, Malaysia.",Mixed,~$700,,web candidate (Medium),worldschooly.com/hub/worldschooling-hub-experiential-learning-in-malaysia/,,web research (Worldschooly),TFA,Website: https://worldschooly.com/hub/worldschooling-hub-experiential-learning-in-malaysia/ ; Worldschooly directory: https://worldschooly.com/hubs/
Maldives Worldschool Hub,permanent_commercial,False,family,Maldives,Male,14-day coliving,A whole-family commercial worldschool hub in Male.,Mixed,"~$2,150",,web candidate (Medium),worldschooly.com/hub/maldives-worldschool-hub/,,web research (Worldschooly),,Website: https://worldschooly.com/hub/maldives-worldschool-hub/ ; Worldschooly directory: https://worldschooly.com/hubs/
Anahata Worldschooling Community,permanent_commercial,True,family,Mexico,"Ek Balam, Yucatan",Coliving sessions,Co-living hub focused on cultural immersion.,All,Varies,,web candidate (Medium),anahataworldschoolingcommunity.com,,web research (WorldlyTribe),Anahata,Website: https://anahataworldschoolingcommunity.com ; WorldlyTribe directory: https://worldlytribe.com/worldschooling-hubs-directory/
Worldschool Mexico,permanent_commercial,False,dropoff,Mexico,San Miguel de Allende / Oaxaca / Tulum,Month-long & semester programs,"Nature-based, culturally immersive, flexible enrollment.",All,Varies,,web candidate (High),worldschoolmexico.com,,web research (WorldlyTribe; RemoteFamily),Worldschool Mexico,Website: https://worldschoolmexico.com ; WorldlyTribe directory: https://worldlytribe.com/worldschooling-hubs-directory/ ; RemoteFamily directory: https://remotefamily.com/
Worldschooling Life,permanent_commercial,False,family,Mexico,,Ongoing (4 seasons),A whole-family commercial worldschool hub in Mexico.,"{""min"": 6, ""max"": 18}",Varies depending on duration,,from PDF,https://worldschooling.life/,,PDF (June-2026 listing),Zulema Fernandez,Website: https://worldschooling.life/ ; Worldschooling Hubs Worldwide (Listing) — June 2026  ·  manual_sources/: 
Madrasa Dunya Worldschool Morocco,permanent_commercial,False,family,Morocco,"Ourika river, High Atlas mountains",Open full time all year besides seasonal holidays; open since 01-01-2023,"Sociocratic/democratic, forest/nature, Waldorf own curriculum guided by natural daily rhythm; neurodivergent friendly","{""note"": ""All ages + special teen hub""}","From ~2000 MAD per week per child (long term ~2600 MAD/week all inclusive); meals, field trips and facilities included",Mixed European,from PDF,https://www.md-worldschoolmorocco.com,https://www.facebook.com/groups/956900099,PDF (June-2026 listing),Jenna Maria Pedersen,Website: https://www.md-worldschoolmorocco.com ; Facebook / Instagram: https://www.facebook.com/groups/956900099 ; Worldschooling Hubs Worldwide (Listing) — June 2026  ·  manual_sources/: 
Tazgha Resort (Essaouira),permanent_commercial,False,family,Morocco,Essaouira,June – December,A whole-family commercial worldschool hub in Essaouira.,"{""min"": 4, ""max"": 18}","£1,200 per month per family",,from PDF,https://www.tazgha.com,,PDF (June-2026 listing),Mai Karfawi,Website: https://www.tazgha.com ; Worldschooling Hubs Worldwide (Listing) — June 2026  ·  manual_sources/: 
Earth School Aotearoa,permanent_commercial,False,dropoff,New Zealand,"Mangaroa, Upper Hutt, Wellington",14-day sessions,Nature-based learning hub near Wellington.,All,"~$4,850",,web candidate (Medium),worldschooly.com/hub/earth-school-aotearoa/,,web research (Worldschooly; WorldlyTribe),Earth School,Website: https://worldschooly.com/hub/earth-school-aotearoa/ ; WorldlyTribe directory: https://worldlytribe.com/worldschooling-hubs-directory/ ; Worldschooly directory: https://worldschooly.com/hubs/
Nature Lore,permanent_commercial,False,dropoff,South Africa,"Noordhoek, Cape Town",Year-round,Nature-based school/program for nomad children.,5-16,Varies,,web candidate (Medium),naturelore.co.za,,web research (WorldlyTribe; WorldschoolHubs blog),Nature Lore,Website: https://naturelore.co.za ; WorldlyTribe directory: https://worldlytribe.com/worldschooling-hubs-directory/ ; WorldschoolHubs blog directory: https://blog.worldschoolhubs.com/worldschooling-hubs/
Silvermist Academy,permanent_commercial,False,dropoff,South Africa,"Cape Town, Western Cape",30-day,"Full-term academy, Cape Town.",School-age,~$290/mo,,web candidate (Medium),worldschooly.com,,web research (Worldschooly),,Website: https://worldschooly.com ; Worldschooly directory: https://worldschooly.com/hubs/
ArtsVille Valenciana,permanent_commercial,False,family,Spain,Tibi,Whole year round,"Kids academy, teens academy; co-founding programs for entrepreneurs available","{""min"": 1, ""max"": 19, ""note"": ""Kids academy, teens academy""}",Medium to high,,from PDF,https://www.virtuosity.art,,PDF (June-2026 listing),"Shirin, Nina, Christian",Website: https://www.virtuosity.art ; Worldschooling Hubs Worldwide (Listing) — June 2026  ·  manual_sources/: 
Lumina Academy,permanent_commercial,False,dropoff,Spain,El Puerto de Santa María,All year except August and Spanish public holidays,A drop-off commercial worldschool hub in El Puerto de Santa María.,"{""min"": 3, ""max"": 12, ""note"": ""After-school family events 6\",€150–€480 per month (longer stays discounted),,from PDF,https://www.luminaedu.org,,PDF (June-2026 listing),María Nordwind,Website: https://www.luminaedu.org ; Worldschooling Hubs Worldwide (Listing) — June 2026  ·  manual_sources/: 
NYsKOOL,permanent_commercial,False,dropoff,Spain,Barcelona,08/09/25 – 31/07/26 (11 months),American curriculum and Finnish methodology; hybrid in-person and online,"{""min"": 5, ""max"": 15}",€600–€850 per month,,from PDF,https://www.nyskool.org,,PDF (June-2026 listing),Andrei,Website: https://www.nyskool.org ; Worldschooling Hubs Worldwide (Listing) — June 2026  ·  manual_sources/: 
Shepherd's Rest,permanent_commercial,False,family,Spain,"Oria, Almeria (Andalusia)",~30-day coliving,"Rural coliving, Andalusia. 5.0 (2 reviews).",Mixed,~$945/stay,,web candidate (Medium),worldschooly.com/hub/shepherds-rest/,,web research (Worldschooly),,Website: https://worldschooly.com/hub/shepherds-rest/ ; Worldschooly directory: https://worldschooly.com/hubs/
Valencia Forest School,permanent_commercial,False,dropoff,Spain,Valencia,September to July; full-time short-term and long-term places available,Forest School methodology,"{""min"": 3, ""max"": 12}",Short term places €850/month; part time and long term places available at a reduced rate,,from PDF,https://valenciaforestschool.es,,PDF (June-2026 listing),Alison Marchant,Website: https://valenciaforestschool.es ; Worldschooling Hubs Worldwide (Listing) — June 2026  ·  manual_sources/: 
Worldschooling Tanzania,permanent_commercial,False,dropoff,Tanzania,"Moshi, Kilimanjaro",21-day coliving sessions,"A drop-off commercial worldschool hub in Moshi, Kilimanjaro.",All,"~$2,900",,web candidate (Medium),worldschooly.com/hub/worldschooling-tanzania/,,web research (Worldschooly; WorldlyTribe),Marissa L.,Website: https://worldschooly.com/hub/worldschooling-tanzania/ ; WorldlyTribe directory: https://worldlytribe.com/worldschooling-hubs-directory/ ; Worldschooly directory: https://worldschooly.com/hubs/
Elate,permanent_commercial,False,family,Thailand,Bangkok,Year-round,Structured hub for families who want big-city energy.,All,Varies,,web candidate (Medium),elateth.com,,web research (WorldlyTribe),Elate,Website: https://elateth.com ; WorldlyTribe directory: https://worldlytribe.com/worldschooling-hubs-directory/
NatureMind-ED Worldschooling,permanent_commercial,False,family,Thailand,Krabi,~10-day,"Nature-based worldschooling, Krabi. Near existing Krabi Family Fun.",Mixed,~$440,,web candidate (Medium),worldschooly.com/hub/naturemind-ed/,,web research (Worldschooly),,Website: https://worldschooly.com/hub/naturemind-ed/ ; Worldschooly directory: https://worldschooly.com/hubs/
Our Land Thailand,permanent_commercial,False,,Thailand,Mae Taeng valley (nr Chiang Mai),Year-round,Nature-based program outside Chiang Mai.,All,Varies,,web candidate (Medium),ourlandthailand.com,,web research (WorldlyTribe),Our Land,Website: https://ourlandthailand.com ; WorldlyTribe directory: https://worldlytribe.com/worldschooling-hubs-directory/
Freedom Montessori Academy,permanent_commercial,False,dropoff,United States,"Thonotosassa, Florida",Short-term enrollment,Montessori school accepting worldschoolers.,Mixed,~$350/mo,,web candidate (Medium),worldschooly.com/hub/freedom-montessori-academy/,,web research (Worldschooly),,Website: https://worldschooly.com/hub/freedom-montessori-academy/ ; Worldschooly directory: https://worldschooly.com/hubs/
Boundless Life,permanent_commercial,False,,multi,Sintra PT / Syros GR / Tuscany IT / Estepona ES / Kotor ME / Sanur Bali ID / La Barra UY / Kamakura JP,Year-round; join 1-12 months,Biggest paid network. Finnish/Montessori education centre + co-working + accommodation.,1-14,"€5,830-9,130/month",,web candidate (High),boundless.life,,web research (WorldlyTribe; WorldschoolHubs blog; Worldschool Atlas) + web research,Boundless Life,Website: https://boundless.life ; WorldlyTribe directory: https://worldlytribe.com/worldschooling-hubs-directory/ ; Worldschool Atlas directory: https://theworldschoolatlas.com/ ; WorldschoolHubs blog directory: https://blog.worldschoolhubs.com/worldschooling-hubs/ ; Boundless Life — destinations: https://www.boundless.life/topic/destinations ; Heath&Alyssa — Boundless ranked: https://heathandalyssa.com/we-tried-6-boundless-life-locations-heres-how-they-rank/
The World School,permanent_commercial,False,dropoff,travelling community,n/a,Travelling,A drop-off commercial worldschool hub in n/a.,All,Varies,,web candidate (Low),theworld.school,,web research (WorldlyTribe),The World School,Website: https://theworld.school ; WorldlyTribe directory: https://worldlytribe.com/worldschooling-hubs-directory/
KiRIWi Forest School,permanent_community,False,family,Colombia,"Villavicencio, Meta",30-day coliving,"Forest school coliving, Colombia.",Children,"~$1,088/mo",,web candidate (Medium),worldschooly.com/hub/kiriwi-forest-school/,,web research (Worldschooly),,Website: https://worldschooly.com/hub/kiriwi-forest-school/ ; Worldschooly directory: https://worldschooly.com/hubs/
Minga House (Colegio Menfis),permanent_community,True,,Colombia,"Chinchina, Caldas (coffee region)",30-day theme sessions; max 9 families,"Spanish immersion alongside local students. Affordable, multi-source, clear detail.",K-12,~$115-370/month,,web candidate (High),mingahousefoundation.org,,web research (Worldschooly; WorldlyTribe; RemoteFamily),Minga House Foundation,Website: https://mingahousefoundation.org ; WorldlyTribe directory: https://worldlytribe.com/worldschooling-hubs-directory/ ; Worldschooly directory: https://worldschooly.com/hubs/ ; RemoteFamily directory: https://remotefamily.com/
Cohli Family Coliving,permanent_community,False,family,France,Normandy,Coliving,Family coliving with shared meals and daily rhythm.,All,Varies,,web candidate (Medium),cohli.com,,web research (WorldlyTribe),Cohli,Website: https://cohli.com ; WorldlyTribe directory: https://worldlytribe.com/worldschooling-hubs-directory/
Kallipoli,permanent_community,False,family,Greece,(eco-community),Year-round,Eco-community welcoming worldschooling families.,All,Free/community,,web candidate (Medium),kallipoli.org,,web research (WorldlyTribe),Kallipoli,Website: https://kallipoli.org ; WorldlyTribe directory: https://worldlytribe.com/worldschooling-hubs-directory/
Noma Collective (Family Hub),permanent_community,False,family,Honduras,(coliving/coworking),Family Hub launching 2026,Coliving/coworking for nomadic families; family hub new for 2026.,Families,Varies,,web candidate (Medium),noma-collective.com,,web research (WorldlyTribe; RemoteFamily),Noma Collective,Website: https://noma-collective.com ; WorldlyTribe directory: https://worldlytribe.com/worldschooling-hubs-directory/ ; RemoteFamily directory: https://remotefamily.com/
Selong Bay WorldSchooling Hub,permanent_community,False,family,Indonesia,Selong Belanak,Jan 19 – 27th March; April 13 – 20th June; 20th July – 26th Sept; 5th Oct – 12th Dec; from 18th Jan 2027,"Cambridge curriculum, Australian National Curriculum and Indonesia's Curriculum Merdeka; supervision of students' own homeschooling or online programme","{""min"": 2, ""max"": 18}","$720 USD per month (minimum 1 month, full year available)",,from PDF,https://www.selongbayschool.com,,PDF (June-2026 listing),Elizabeth Berryman,Website: https://www.selongbayschool.com ; Worldschooling Hubs Worldwide (Listing) — June 2026  ·  manual_sources/: 
The Creative World,permanent_community,False,dropoff,Indonesia,"Ubud, Bali",Long-term,Self-driven hub / alternative school community in Ubud.,Mixed,Varies,,web candidate (Medium),theworldschoolatlas.com/listing/the-creative-world/,,web research (Worldschool Atlas),,Website: https://theworldschoolatlas.com/listing/the-creative-world/ ; Worldschool Atlas directory: https://theworldschoolatlas.com/
We Are Tribe,permanent_community,False,family,Indonesia,"Ubud, Bali",Coliving,"Coliving community, Ubud.",Mixed,~$988/wk,,web candidate (Medium),worldschooly.com/hub/we-are-tribe/,,web research (Worldschooly),,Website: https://worldschooly.com/hub/we-are-tribe/ ; Worldschooly directory: https://worldschooly.com/hubs/
Wild Hearts Collective,permanent_community,False,family,Indonesia,Sanur,"May, June, July and August 2026",Cultural enrichment and play-based learning,"{""min"": 4, ""max"": 12}",$750 USD,,from PDF,,,PDF (June-2026 listing),Kay Choma and Joshua Macias,Worldschooling Hubs Worldwide (Listing) — June 2026  ·  manual_sources/: 
Earthbound,permanent_community,False,,Italy,Southern Tuscany,Launching Spring 2027,Bilingual outdoor Waldorf-inspired education + eco-bungalows. Not open yet.,4-11,Varies,,web candidate (Medium),earthbound.living,,web research (RemoteFamily),Earthbound,Website: https://earthbound.living ; RemoteFamily directory: https://remotefamily.com/
Progetto Baita,permanent_community,False,family,Italy,Valsesia,Year-round,"Intentional international community in Italy's Valsesia Alps with ~25 permanent families and ~55 children, including Israelis.",,,Israeli + intl,Med,,,web research (gathering-places + Spanish cut + traveling),,Delikaktus (HE) — Valsesia (GPT R32): https://www.tabletmag.com/
Sentira,permanent_community,False,family,Italy,Arezzo,Apr–Oct,"Israeli 'international kibbutz' on ~160 acres near Arezzo, Italy—a standing intentional community for nesting families, warm-season peak.",,,Israeli,Med,,,web research (gathering-places + Spanish cut + traveling),,Ynet (HE) — Israeli communities (R35): https://www.ynet.co.il/news/article/yokra14738200
Iyari Play Family Learning Retreat,permanent_community,True,family,Mexico,Lo de Marcos,March 30 – April 6 2026,"Nature immersion, bilingual learning, local flora and fauna, community outreach, natural sciences","{""min"": 3, ""max"": 12}","$450 USD/child, $400 USD/adult",,from PDF,https://www.iyariplay.org,,PDF (June-2026 listing),Nicole Marie Majewski,Website: https://www.iyariplay.org ; Worldschooling Hubs Worldwide (Listing) — June 2026  ·  manual_sources/: 
Semillitas Spanish in Nature,permanent_community,True,family,Mexico,Cuernavaca,July 27th – August 1st 2026,"Language immersion, environmental education and cultural learning; entrances, guided tours, local transport, 3 meals a day","{""min"": 6, ""note"": ""6+ and parents""}","$1,470 all inclusive",,from PDF,https://www.semillitasspanishinnature.com,,PDF (June-2026 listing),Alejandra Jiménez,Website: https://www.semillitasspanishinnature.com ; Worldschooling Hubs Worldwide (Listing) — June 2026  ·  manual_sources/: 
Mirleft Cultural Cove,permanent_community,False,,Morocco,"Mirleft, Guelmim-Oued Noun",7-day+ stays,"Coastal cultural-immersion base, Atlantic Morocco. Has reviews.",Mixed,~$175,,web candidate (Medium),mirleftculturalcove.com,,web research (Worldschooly; WorldlyTribe),Mirleft Cultural Cove,Website: https://mirleftculturalcove.com ; WorldlyTribe directory: https://worldlytribe.com/worldschooling-hubs-directory/ ; Worldschooly directory: https://worldschooly.com/hubs/
Sacred Roots Hub,permanent_community,False,family,Peru,Between Calca and Urubamba,Starts November 7th 2025 and continues all year round — families can join anytime,"Holistic — nature, art, music, movement, hands-on science; multiple intelligences, emotional awareness, mindfulness; inclusive for neurodivergent children","{""min"": 3, ""max"": 16}",Education program: $500/child/month per 2 children · Accommodation: $800/family/month,Mixed intl (Spanish),from PDF,https://sacred-roots.lovable.app,,PDF (June-2026 listing),Alexey and Issa,Website: https://sacred-roots.lovable.app ; Worldschooling Hubs Worldwide (Listing) — June 2026  ·  manual_sources/: 
Campus Da Terra,permanent_community,False,dropoff,Portugal,"Gaula, Madeira",Mon-Fri term,"Nature-immersed homeschooling hub on an organic farm, Madeira.",5-12,Varies,,web candidate (Medium),campusdaterra.org,,web research (RemoteFamily),Campus Da Terra,Website: https://campusdaterra.org ; RemoteFamily directory: https://remotefamily.com/
Mama Adama,permanent_community,False,family,Portugal,Alentejo,Year-round,Israeli-founded eco-village network (founder Yariv Paz) helping families relocate to rural Portuguese natural-farming communes.,,,Israeli,Med,,,web research (gathering-places + Spanish cut + traveling),,
Spirala Eco Village,permanent_community,False,family,Portugal,Castelo Branco,Year-round,"Israeli ecological community on ~104 forested acres near Castelo Branco, Portugal.",,,Israeli,Med,,,web research (gathering-places + Spanish cut + traveling),,Ynet (HE) — Israeli communities (R35): https://www.ynet.co.il/news/article/yokra14738200
Las Semillitas,permanent_community,True,family,Spain,,From January 2025 onwards,"Worldschooling, nature, forest-school, Montessori-oriented; social worker / theatre teacher in charge","{""min"": 3, ""max"": 99}",To be agreed upon,,from PDF,,,PDF (June-2026 listing),Belle Hiffmann,Worldschooling Hubs Worldwide (Listing) — June 2026  ·  manual_sources/: 
Ubuntu Worldschool (Espacio Ubuntu),permanent_community,False,family,Spain,"Pasiego Valleys, Cantabria",Apr & Nov 2026 sessions,"Rural coliving worldschooling hub, northern Spain.",Families,Varies,,web candidate (Medium),espacioubuntu.org,,web research (WorldschoolHubs blog),Ubuntu,Website: https://espacioubuntu.org ; WorldschoolHubs blog directory: https://blog.worldschoolhubs.com/worldschooling-hubs/
iSlowCoLiving,permanent_community,True,family,Spain,"Costa da Morte, Galicia",Coliving,Coliving + coworking immersive community on NW Spanish coast.,All,Varies,,web candidate (Medium),islowcoliving.com,,web research (RemoteFamily),iSlowCoLiving,Website: https://islowcoliving.com ; RemoteFamily directory: https://remotefamily.com/
Folkortation,permanent_community,False,family,Thailand,Mekong River,Contact for dates — 2025 & 2026,"Live with locals along the Mekong — fishing, farming, cooking and traditional practices; English–Thai-speaking guide included","{""min"": 3, ""max"": 60, ""note"": ""Whole family""}",Contact for brochure,,from PDF,,https://www.facebook.com/folkortationthailand,PDF (June-2026 listing),Coordination Rebecca Wegmann,Facebook / Instagram: https://www.facebook.com/folkortationthailand ; Worldschooling Hubs Worldwide (Listing) — June 2026  ·  manual_sources/: 
Narnia / Arkee,permanent_community,False,dropoff,Thailand,Koh Phangan,Nov–Apr,Israeli-founded forest/green school on Koh Phangan serving the island's large Israeli family community (under regulatory scrutiny).,,,Israeli,Med (⚠ legal),,,web research (gathering-places + Spanish cut + traveling),,Mako (HE) — Narnia (R34): https://www.mako.co.il/home-family-kids/back_to_school/Article-0fb52656bdb0281027.htm
Worldschool Pop-Up Hub,popup,False,family,,,Ongoing pop-ups worldwide,"No structured program; visit museums, historic places and nature areas to explore local history & culture","{""note"": ""All ages""}","Max $180/family, discounts available",Mixed intl,High,https://www.worldschoolpopuphub.com/,,PDF (June-2026 listing),Rachel Carlson (local hosts vary),Website: https://www.worldschoolpopuphub.com/ ; Worldschooling Hubs Worldwide (Listing) — June 2026  ·  manual_sources/: 
Forest Kindy - Brisbane,popup,False,dropoff,Australia,"Brisbane, Queensland",~6-week,"Forest kindergarten, Brisbane.",Young children,~$405,,web candidate (Medium),worldschooly.com,,web research (Worldschooly),,Website: https://worldschooly.com ; Worldschooly directory: https://worldschooly.com/hubs/
Treehouse Summit,popup,False,dropoff,Bulgaria,Bansko,5-day annual conference,Annual worldschooling/nomad conference in Bansko.,Families,~$189,,web candidate (Medium),worldschooly.com/hub/treehouse-summit/,,web research (Worldschooly; WorldlyTribe),Mordi L.,Website: https://worldschooly.com/hub/treehouse-summit/ ; WorldlyTribe directory: https://worldlytribe.com/worldschooling-hubs-directory/ ; Worldschooly directory: https://worldschooly.com/hubs/
Worldschooling Bansko,popup,False,family,Bulgaria,Bansko,Jan 4-Feb 14 & Feb 22-Apr 4 (winter/ski season),Bansko = the 'worldschooling capital'. Israeli families explicitly present.,Families,Varies,UK / Dutch / Israeli,High,worldschooly.com/hub/worldschooling-bansko/,facebook.com/groups/1458088764967558 (Home/World Schooling Families Bansko),web research (Worldschooly; Worldschool Atlas; multiple blogs),,Website: https://worldschooly.com/hub/worldschooling-bansko/ ; Facebook / Instagram: https://facebook.com/groups/1458088764967558 (Home/World Schooling Families Bansko) ; Worldschooly directory: https://worldschooly.com/hubs/ ; Worldschool Atlas directory: https://theworldschoolatlas.com/ ; Parenting&Passports — Bansko (R8): https://parentingandpassports.com/worldschooling-community-bansko-bulgaria/ ; Education Next — Bansko (R12): https://www.educationnext.in/posts/bansko-the-world-schooling-capital-of-the-world ; TRVbox (HE) — Bansko with kids (R94): https://www.trvbox.co.il/bansko-with-kids/
Cacao Coast Classroom,popup,False,family,Costa Rica,Puerto Viejo,"Seasonal 'Seeds & Stories' and 'Roots & Rhythms' terms across 2026–2027 (Summer, Autumn, Spring, Late Spring)","Cooking, conservation, community, culture","{""min"": 7, ""note"": ""7+""}","$2,800",Mixed intl,from PDF,https://www.cacaocoastcr.com,,PDF (June-2026 listing),Claire and Sam,Website: https://www.cacaocoastcr.com ; Worldschooling Hubs Worldwide (Listing) — June 2026  ·  manual_sources/: 
Field School Hvar,popup,False,dropoff,Croatia,Hvar island,Summer & autumn sessions,"Island-based seasonal learning program. Multi-source, clear website + ages.",4-15,Varies,,web candidate (High),fieldschoolhvar.org,,web research (WorldlyTribe; WorldschoolHubs blog; RemoteFamily),Field School,Website: https://fieldschoolhvar.org ; WorldlyTribe directory: https://worldlytribe.com/worldschooling-hubs-directory/ ; WorldschoolHubs blog directory: https://blog.worldschoolhubs.com/worldschooling-hubs/ ; RemoteFamily directory: https://remotefamily.com/
Green Coco Sailing Adventures,popup,False,family,Dominican Republic,Caribbean (sailing),9-day cruises,Family sailing/cruise adventures.,Families,"~$1,100",,web candidate (Medium),worldschooly.com/hub/green-coco-sailing-adventures/,,web research (Worldschooly),Green Coco,Website: https://worldschooly.com/hub/green-coco-sailing-adventures/ ; Worldschooly directory: https://worldschooly.com/hubs/
The Hive,popup,False,family,Dominican Republic,Various,Various dates and locations — see website,"Micro projects, community engagement, regeneration projects, nature walks, beaches, learning through doing","{""note"": ""All ages welcome""}",Varies — check website,Mixed intl,High,https://www.thehiveadventure.com,,PDF (June-2026 listing),Kate Maccallister,Website: https://www.thehiveadventure.com ; Worldschooling Hubs Worldwide (Listing) — June 2026  ·  manual_sources/: 
Egyptian Adventures,popup,False,dropoff,Egypt,Luxor,Oct–Apr,"Montessori-based, child-led, immersive; art & crafts, music, history, culture, nature, excursions, workshops, projects; also for disabled children in wheelchairs","{""min"": 3, ""max"": 17}",EUR500 / EUR520,,from PDF,https://egyptianadventures.world,https://www.facebook.com/egyptianadventure,PDF (June-2026 listing),Liana Zanin,Website: https://egyptianadventures.world ; Facebook / Instagram: https://www.facebook.com/egyptianadventure ; Worldschooling Hubs Worldwide (Listing) — June 2026  ·  manual_sources/: 
World School Pop Up El Salvador,popup,True,dropoff,El Salvador,Antiguo Cuscatlán,6–25 July 2026,Spanish immersion and Montessori cultural camp; for 7–16s a Business Builders Camp culminating in a Children's Business Fair,"{""min"": 3, ""max"": 16, ""note"": ""3 \u2013 16+""}",$800,,Med,http://www.actonacademyelsalvador.com/worldschool-hub,,PDF (June-2026 listing),Shannon Falkenstein / Acton Academy El Salvador,Website: http://www.actonacademyelsalvador.com/worldschool-hub ; Worldschooling Hubs Worldwide (Listing) — June 2026  ·  manual_sources/: 
Espionage Engineers,popup,False,family,Estonia,Tallinn,Aug 17 – Sep 10 2026,"4 academic learning days/week with US-licensed teacher: math, history, science, engineering","{""min"": 12, ""max"": 15}","$2,650",,from PDF,https://www.worldwiselearningadventures.org/,,PDF (June-2026 listing),Lise Whitfield,Website: https://www.worldwiselearningadventures.org/ ; Worldschooling Hubs Worldwide (Listing) — June 2026  ·  manual_sources/: 
Galactic Gazers,popup,False,family,France,Aix-en-Provence,Sep 14 – Oct 8 2026,"4 academic learning days/week with US-licensed teacher: math tutorials, French language, science, literacy, movement","{""min"": 9, ""max"": 12}","$3,250",,from PDF,https://www.worldwiselearningadventures.org/,,PDF (June-2026 listing),Lise Whitfield,Website: https://www.worldwiselearningadventures.org/ ; Worldschooling Hubs Worldwide (Listing) — June 2026  ·  manual_sources/: 
ReCreation Nation,popup,False,,France,Ardeche,Program sessions,A pop-up gathering in Ardeche.,All,Varies,,web candidate (Low),recreation.org,,web research (WorldlyTribe),ReCreation,Website: https://recreation.org ; WorldlyTribe directory: https://worldlytribe.com/worldschooling-hubs-directory/
Worldwise Learning,popup,False,,France,Provence,Program sessions,Organised learning program in Provence.,All,Varies,,web candidate (Medium),worldwiselearningadventures.com,,web research (WorldlyTribe),Worldwise,Website: https://worldwiselearningadventures.com ; WorldlyTribe directory: https://worldlytribe.com/worldschooling-hubs-directory/
Ecovillage Georgia,popup,False,,Georgia,"Lagodekhi, Kakheti",10-day summer camp,Summer camp in the Caucasus.,Families,~$300,,web candidate (Medium),worldschooly.com/hub/summer-camp-at-ecovillage-georgia/,,web research (Worldschooly),Ecovillage Georgia,Website: https://worldschooly.com/hub/summer-camp-at-ecovillage-georgia/ ; Worldschooly directory: https://worldschooly.com/hubs/
Culture Chalk,popup,True,family,Guatemala,Lago de Atitlan,11-day sessions,Cultural + language immersion with local host families at Lake Atitlan.,Mixed,Varies,,web candidate (Medium),,,web research (WorldschoolHubs blog),Culture Chalk,WorldschoolHubs blog directory: https://blog.worldschoolhubs.com/worldschooling-hubs/
Green School Bali,popup,False,dropoff,Indonesia,"Ubud, Bali",Year-round (term enrollment),"World-famous bamboo-campus nature school. Borderline: a school families orbit, not a hub per se.",All,Varies (high),Anglo-Western,web candidate (Medium),greenschool.org,,web research (WorldlyTribe),Green School,Website: https://greenschool.org ; WorldlyTribe directory: https://worldlytribe.com/worldschooling-hubs-directory/
Pelangi School & Creative Camp,popup,False,dropoff,Indonesia,"Banjar, Buleleng, Bali",21-day,"School + creative camp, north Bali.",Children,~$670,,web candidate (Medium),worldschooly.com/hub/pelangi-school-creative-camp/,,web research (Worldschooly),,Website: https://worldschooly.com/hub/pelangi-school-creative-camp/ ; Worldschooly directory: https://worldschooly.com/hubs/
BrightSteps Calabria,popup,False,,Italy,Calabria,Program sessions,Bilingual learning hub in southern Italy.,All,Varies,,web candidate (Medium),brightsteps.worldschoolinghub.com,,web research (WorldlyTribe),BrightSteps,Website: https://brightsteps.worldschoolinghub.com ; WorldlyTribe directory: https://worldlytribe.com/worldschooling-hubs-directory/
Better Together Hubs,popup,False,family,Japan,Osaka,Organised hub sessions,Community hub for worldschooling families in Osaka.,All,Varies,,web candidate (Medium),bettertogetherhubs.com,,web research (WorldlyTribe),Better Together,Website: https://bettertogetherhubs.com ; WorldlyTribe directory: https://worldlytribe.com/worldschooling-hubs-directory/
ArcticTerns - Playa del Carmen,popup,False,dropoff,Mexico,"Playa del Carmen, Quintana Roo",30-day pop-up,Arctic Terns pop-up in Playa. Near existing Sas Academy.,Families,~$900,,web candidate (Medium),worldschooly.com,,web research (Worldschooly),Arctic Terns,Website: https://worldschooly.com ; Worldschooly directory: https://worldschooly.com/hubs/
Sas Academy,popup,False,dropoff,Mexico,Playa del Carmen,28 July–1 Aug; more dates in Cancún,AI for kids and community building,"{""min"": 12, ""max"": 18}",,US/Canadian + Israeli (Playa),Med,https://www.sas.ac,,PDF (June-2026 listing),Renata Kecskés,Website: https://www.sas.ac ; Worldschooling Hubs Worldwide (Listing) — June 2026  ·  manual_sources/: 
Wildroots Worldschool,popup,False,dropoff,Mexico,"Playa del Carmen, Quintana Roo",5-day camps,Camp-style program on Caribbean coast. Near existing Sas Academy.,Mixed,~$400,,web candidate (Medium),worldschooly.com/hub/wildroots-worldschool/,,web research (Worldschooly; WorldlyTribe),Dasha,Website: https://worldschooly.com/hub/wildroots-worldschool/ ; WorldlyTribe directory: https://worldlytribe.com/worldschooling-hubs-directory/ ; Worldschooly directory: https://worldschooly.com/hubs/
Tika Ranch,popup,False,,Morocco,Sidi Kaouki (nr Essaouira),Program sessions,Farm + learning hub near surf village. Near existing Tazgha/Essaouira.,Mixed,Varies,,web candidate (Medium),tikaranch.com,,web research (WorldlyTribe),Tika Ranch,Website: https://tikaranch.com ; WorldlyTribe directory: https://worldlytribe.com/worldschooling-hubs-directory/
Green School New Zealand,popup,False,dropoff,New Zealand,(Green School campus),Term enrollment,Sister campus of Green School Bali.,All,Varies,Anglo-Western,web candidate (Medium),greenschool.org,,web research (WorldlyTribe),Green School,Website: https://greenschool.org ; WorldlyTribe directory: https://worldlytribe.com/worldschooling-hubs-directory/
Pop Up Hub Warsaw,popup,False,family,Poland,Warsaw,28.06–04.07.2026,A whole-family pop-up gathering in Warsaw.,"{""min"": 1, ""max"": 99}",180 USD,,from PDF,https://www.worldschoolpopuphub.com/events/warsaw-poland-june-2026,https://www.facebook.com/groups/warsawpopup2026,PDF (June-2026 listing),Ewa Waslicka,Website: https://www.worldschoolpopuphub.com/events/warsaw-poland-june-2026 ; Facebook / Instagram: https://www.facebook.com/groups/warsawpopup2026 ; Worldschooling Hubs Worldwide (Listing) — June 2026  ·  manual_sources/: 
Inside Romania,popup,False,family,Romania,Măgura,Jun–Jul (summer),"Traditional Romanian culture, community and connection","{""min"": 9, ""note"": ""Teens & tweens 9+ (younger siblings acce",Varies depending on size of family,,from PDF,https://insideromania.ro/worldschool,https://www.facebook.com/InsideRomania,PDF (June-2026 listing),Dumitrescu Family,Website: https://insideromania.ro/worldschool ; Facebook / Instagram: https://www.facebook.com/InsideRomania ; Worldschooling Hubs Worldwide (Listing) — June 2026  ·  manual_sources/: 
Green School South Africa,popup,False,dropoff,South Africa,(Green School campus),Term enrollment,Sister campus of Green School Bali.,All,Varies,Anglo-Western,web candidate (Medium),greenschool.org,,web research (WorldlyTribe),Green School,Website: https://greenschool.org ; WorldlyTribe directory: https://worldlytribe.com/worldschooling-hubs-directory/
Andalusia Nomad Mums (co-living for mums and kids),popup,True,family,Spain,Chiclana de la Frontera,"1–29 Oct 2025; 1–29 Apr, 1–29 May, 1–15 Jun, 1–29 Oct 2026","Forest/beach school in pine forest and on the beach; bilingual Spanish/English educators, mornings 9am–2pm","{""min"": 2, ""max"": 12}","From €2,940 per month (co-living, private room, shared bathroom)",,from PDF,,,PDF (June-2026 listing),Claudia Bellante,Worldschooling Hubs Worldwide (Listing) — June 2026  ·  manual_sources/: 
El Aula Azul,popup,True,,Spain,San Sebastian,Intensive immersion weeks,Spanish immersion where parents and kids learn simultaneously.,All (parents+kids),Varies,,web candidate (Medium),elaulaazul.com,,web research (WorldlyTribe),El Aula Azul,Website: https://elaulaazul.com ; WorldlyTribe directory: https://worldlytribe.com/worldschooling-hubs-directory/
Language and Cultural Immersion Northern Spain,popup,True,family,Spain,,"July, August, September, October 2026 sessions",Montessori and Reggio-inspired program (IB PYP / US Reggio-inspired certified teacher),"{""min"": 3, ""max"": 12}",Per month,,from PDF,,,PDF (June-2026 listing),Alexandra Castro,Worldschooling Hubs Worldwide (Listing) — June 2026  ·  manual_sources/:  ; Bliss Investor — Pai (R19): https://blissinvestor.com/community/world-schoolers-in-pai-thailand/ ; Bangkok Post — Pai nationalities (R105): https://www.bangkokpost.com/thailand/general/2964833/israelis-under-immigration-microscope-in-pai
Amani Light Worldschool Hub Tanzania,popup,False,family,Tanzania,Moshi,Sept 15 – Oct 10 2025; Feb 2–27 2026; June 1–26 2026,"Natural building practices and methods, cultural immersion, nature, and the arts","{""note"": ""Any age welcome; children under 4 supervised by a ","Family of 2 = $3,000 up to Family of 5 = $3,900 (optional 4th week of safari)",,Med (≈Worldschooling Tanzania),https://worldschooly.com/hub/worldschooling-tanzania,https://www.facebook.com/groups/956996229464143,PDF (June-2026 listing),Marissa Lipovsky,Website: https://worldschooly.com/hub/worldschooling-tanzania ; Facebook / Instagram: https://www.facebook.com/groups/956996229464143 ; Worldschooling Hubs Worldwide (Listing) — June 2026  ·  manual_sources/: 
Krabi Family Fun!,popup,False,family,Thailand,Ao Nang,"June 14–18, and every month","Economic, nature loving, music","{""min"": 0, ""max"": 99}",Free,,from PDF,,,PDF (June-2026 listing),Hadas Korn,Worldschooling Hubs Worldwide (Listing) — June 2026  ·  manual_sources/: 
Languaventure International Learning Centre & Camps,popup,False,dropoff,Turkey,Fethiye,Throughout the academic year and school holidays,"Thematic learning following the English National Curriculum, face to face with UK teachers","{""min"": 4, ""max"": 11}","Depending on the programme; weekly, monthly or termly payment schedules",British + intl,from PDF,https://languaventure.com/services/international-learning-centre,,PDF (June-2026 listing),Sean Paul,Website: https://languaventure.com/services/international-learning-centre ; Worldschooling Hubs Worldwide (Listing) — June 2026  ·  manual_sources/: 
Uganda Worldschooling Hub,popup,False,dropoff,Uganda,"Bwerenga, Entebbe",Every summer for 4 weeks,"Week 1 culture and arts, week 2 nature and agriculture, week 3 animals, birdwatching, swamp eco system and reptile village. Hub runs mornings; afternoons free for families.","{""min"": 4, ""max"": 10}",$500 per week per child for the 3 hub weeks; accommodation and safari paid separately,,from PDF,,https://www.facebook.com/JacquelineSseggayi,PDF (June-2026 listing),Jacqueline & Shafiki Sseggayi-Blankenstein,Facebook / Instagram: https://www.facebook.com/JacquelineSseggayi ; Worldschooling Hubs Worldwide (Listing) — June 2026  ·  manual_sources/: 
Camp Stomping Ground,popup,False,,United States,"Catskill Mountains, New York",Summer camp,Self-directed alternative summer camp.,Children,Varies,,web candidate (Medium),campstompingground.org,,web research (WorldlyTribe),Camp Stomping Ground,Website: https://campstompingground.org ; WorldlyTribe directory: https://worldlytribe.com/worldschooling-hubs-directory/
Twin Eagles Wilderness Adventure Camps,popup,False,,United States,"Sandpoint, Idaho",5-day camps,"A pop-up gathering in Sandpoint, Idaho.",Children,~$395,,web candidate (Low),worldschooly.com,,web research (Worldschooly),Twin Eagles,Website: https://worldschooly.com ; Worldschooly directory: https://worldschooly.com/hubs/
Worldschooly Pop-Ups (generic city series),popup,False,dropoff,multi,"Mexico City, Buenos Aires, Naples, Osaka, Luang Prabang, Varna, San Miguel, Mendocino, Oaxaca...",6-7 day pop-ups,"A drop-off pop-up gathering in Mexico City, Buenos Aires, Naples, Osaka, Luang Prabang, Varna, San Miguel, Mendocino, Oaxaca....",Families,~$140,,web candidate (Low),worldschooly.com,,web research (Worldschooly),,Website: https://worldschooly.com ; Worldschooly directory: https://worldschooly.com/hubs/
World School Pop-Up Hub,popup,False,dropoff,multi (global),17 cities worldwide,"Jun-Nov 2026: Medellin, San Francisco, Sibiu, Mendocino, Warsaw, Austin, Vienna, Dresden, Luang Prabang, Liverpool, Cuenca, London, Osaka, Cape Town, San Miguel de Allende, Taipei, Oaxaca, Santiago",A drop-off pop-up gathering in 17 cities worldwide.,All,~€100/family,,web candidate (High),worldschoolpopuphub.com,,web research (Own events page; WorldlyTribe),World School Pop Up,Website: https://worldschoolpopuphub.com ; WorldlyTribe directory: https://worldlytribe.com/worldschooling-hubs-directory/
Worldschooling Austria Mountain Retreat,traveling,False,family,Austria,Bad Gastein,May 31 – July 12 2026 (three 2-week sessions),"Explore the Austrian mountains and local culture as a group — hiking, lakes, eating, local trains and buses","{""note"": ""All ages""}","Starting at €3,500 (14 nights lodging, resort amenities, group activities, retreat leaders)",,from PDF,https://trips.everyavenue.com/trips#land-trips,,PDF (June-2026 listing),Worldschooling Journeys,Website: https://trips.everyavenue.com/trips#land-trips ; Worldschooling Hubs Worldwide (Listing) — June 2026  ·  manual_sources/: 
Worldschooling Austria Winter Mountain Retreat,traveling,False,family,Austria,Bad Gastein,December 4–18 2026,"Alpine ski retreat — ski lessons, Christmas markets, sauna, snow play; connection and adventure for worldschooling families","{""note"": ""Families""}","1 adult + 1 child from €2,600 (14 nights lodging, ski retreat, co-working room, retreat fees)",,from PDF,https://trips.everyavenue.com/2026-austrian-mountain-ski-trip-for-worldschooling-families-skiing,,PDF (June-2026 listing),Worldschooling Journeys,Website: https://trips.everyavenue.com/2026-austrian-mountain-ski-trip-for-worldschooling-families-skiing ; Worldschooling Hubs Worldwide (Listing) — June 2026  ·  manual_sources/: 
Arctic Terns,traveling,False,,Bulgaria + global,Bansko BG,Pop-ups across locations,Bansko-based pop-up hub network.,Families,Varies,,web candidate (Medium),arcticterns.global,,web research (WorldlyTribe),Arctic Terns,Website: https://arcticterns.global ; WorldlyTribe directory: https://worldlytribe.com/worldschooling-hubs-directory/
Exploring Families,traveling,False,family,Europe,Lake Garda IT (Mar-Apr 2026); Bornholm DK (May-Jun 2026 sold out); Utrecht NL; Funtana/Istria HR,Dated 2026 sessions,"Runs the 'Worldschool Gathering' events (NL, Croatia) listed on Worldschooly. Dated 2026 sessions.",Families; teen/tween edition,~€70/family,,web candidate (High),exploringfamilies.eu,,web research (WorldschoolHubs blog; Worldschooly),The Exploring Families,Website: https://exploringfamilies.eu ; Worldschooly directory: https://worldschooly.com/hubs/ ; WorldschoolHubs blog directory: https://blog.worldschoolhubs.com/worldschooling-hubs/
"""Learn to Sail"" Family Adventure (Greece / Balkans)",traveling,False,family,Greece,Greek Islands,May – Greece; early June – Greek Islands or the Balkans,"Sailing basics, water adventures, snorkelling, paddleboarding, secluded beaches and cave exploration","{""note"": ""All ages""}","$1,475 per person",,from PDF,,,PDF (June-2026 listing),Every Avenue Travel,Worldschooling Hubs Worldwide (Listing) — June 2026  ·  manual_sources/: 
Wander & Wonder — The Traveling Adventure School,traveling,False,family,Greece,Crete,"Multiple offerings, year round",Nature school / field trips,"{""note"": ""All ages""}",$300 – $600 USD,,from PDF,,,PDF (June-2026 listing),Mel Bembers,Worldschooling Hubs Worldwide (Listing) — June 2026  ·  manual_sources/: 
Deliberate Detour - Guatemala,traveling,False,,Guatemala,Antigua,2-4 week sessions,"Same brand, Antigua location.",7-16,Varies,US/Canadian + intl,High,deliberatedetour.com,,web research (WorldlyTribe),Deliberate Detour,Website: https://deliberatedetour.com ; WorldlyTribe directory: https://worldlytribe.com/worldschooling-hubs-directory/ ; Deliberate Detour: https://deliberatedetour.com/
Wanderlust Schoolers,traveling,False,family,Japan,Tokyo,October 2–28 2026,A whole-family traveling program in Tokyo.,"{""note"": ""All ages""}",Varies,,from PDF,,https://www.facebook.com/groups/wanderlustschoolers,PDF (June-2026 listing),Marcy (Warman) Bond,Facebook / Instagram: https://www.facebook.com/groups/wanderlustschoolers ; Worldschooling Hubs Worldwide (Listing) — June 2026  ·  manual_sources/: 
Outside the Box Adventures,traveling,False,family,"Maldives, South Africa",Dhangethi Island MV; South Africa,Varies,Adventure-based family programs in wildlife/nature settings.,Families,Varies,,web candidate (Medium),outsidetheboxadventures.com,,web research (WorldlyTribe),Outside the Box,Website: https://outsidetheboxadventures.com ; WorldlyTribe directory: https://worldlytribe.com/worldschooling-hubs-directory/
Deliberate Detour - Oaxaca,traveling,False,,Mexico,Oaxaca,"2-4 week sessions, 2026","Same brand, additional location. Groups capped at 16 kids.",7-16,Varies,US/Canadian + intl,High,deliberatedetour.com,,web research (WorldlyTribe; RemoteFamily),Deliberate Detour,Website: https://deliberatedetour.com ; WorldlyTribe directory: https://worldlytribe.com/worldschooling-hubs-directory/ ; RemoteFamily directory: https://remotefamily.com/ ; Instituto Cultural Oaxaca (R112): https://www.icomexico.com/ ; Deliberate Detour (R76): https://deliberatedetour.com/
Deliberate Detour,traveling,False,dropoff,Peru,Cusco,"Cusco: Mar–Aug 2026 (2–3 week sessions). Oaxaca: May–Jul 2026, plus Guelaguetza Festival and Día de los Muertos add-ons",A drop-off traveling program in Cusco.,"{""min"": 7, ""max"": 16}","Two weeks: $795–$875/child · Three weeks: $1,205–$1,310/child",US/Canadian + intl,High,https://www.deliberatedetour.com,https://www.facebook.com/deliberatedetour,PDF (June-2026 listing),Stephanie Tolk,Website: https://www.deliberatedetour.com ; Facebook / Instagram: https://www.facebook.com/deliberatedetour ; Worldschooling Hubs Worldwide (Listing) — June 2026  ·  manual_sources/:  ; Deliberate Detour: https://deliberatedetour.com/
Unschool Adventures,traveling,False,dropoff,Spain (+ global),Valencia ES (2026),Program dates vary,Teen unschooling travel programs. Valencia 2026 session.,Teens,Varies,,web candidate (Medium),unschooladventures.com,,web research (WorldlyTribe; WorldschoolHubs blog),Unschool Adventures,Website: https://unschooladventures.com ; WorldlyTribe directory: https://worldlytribe.com/worldschooling-hubs-directory/ ; WorldschoolHubs blog directory: https://blog.worldschoolhubs.com/worldschooling-hubs/
Global Classroom Project (Harmony Alternative),traveling,False,dropoff,"Thailand (+ Lombok, Hoi An)",Ko Lanta,"3 terms, 60-day blocks",Full-term travelling school for secondary-age worldschoolers.,11-18,"~$3,960/term",,web candidate (Medium),harmonyalternative.com,,web research (Worldschooly; RemoteFamily/WorldlyTribe),David B.,Website: https://harmonyalternative.com ; WorldlyTribe directory: https://worldlytribe.com/worldschooling-hubs-directory/ ; Worldschooly directory: https://worldschooly.com/hubs/ ; RemoteFamily directory: https://remotefamily.com/
Worldschooling Dude Ranch Experience,traveling,False,family,United States,,September 6–12 2026,"Exclusive curated dude-ranch experience — horseback riding, cattle driving, farm life, Western history, hands-on learning","{""note"": ""6+ for horseback riding""}","$3,300 per person",,from PDF,https://trips.everyavenue.com/sept-6-veebar-dude-ranch-experience-for-world-schooling-and-homeschooling-families-2,,PDF (June-2026 listing),Worldschooling Journeys,Website: https://trips.everyavenue.com/sept-6-veebar-dude-ranch-experience-for-world-schooling-and-homeschooling-families-2 ; Worldschooling Hubs Worldwide (Listing) — June 2026  ·  manual_sources/: 
Travelling Village,traveling,False,family,"Vietnam, Taiwan, South Korea",Multiple cities,"Jan 2026 cohort, ~3 months","3rd year, ~20 families travelling together. Structured community travel.",Families,Varies,,web candidate (Medium),travelingvillage.com,instagram.com/the.travelling.village,web research (WorldlyTribe; WorldschoolHubs blog) + web research,The Travelling Village,Website: https://travelingvillage.com ; Facebook / Instagram: https://instagram.com/the.travelling.village ; WorldlyTribe directory: https://worldlytribe.com/worldschooling-hubs-directory/ ; WorldschoolHubs blog directory: https://blog.worldschoolhubs.com/worldschooling-hubs/ ; Traveling Village: https://travelingvillage.com/village-3
Storylines (ship),traveling,False,family,multi,Global (ship),Year-round,A residential cruise-ship community offering 'traveling youth education' as the ship circumnavigates the globe (verify family fit).,,,Mixed intl,Low (verify),https://www.storylines.com/worldschooling,,web research (gathering-places + Spanish cut + traveling),,Website: https://www.storylines.com/worldschooling
THINK Global School,traveling,False,dropoff,multi,4 countries/yr,Year-round (8-wk terms),"The world's first traveling high school: a boarding cohort of ~30 teens that moves to a new country every 8-week term (drop-off, not family co-travel).",,,Mixed intl,High,https://thinkglobalschool.org/,,web research (gathering-places + Spanish cut + traveling),,Website: https://thinkglobalschool.org/
Together Explorers,traveling,False,family,multi,Italy→Morocco→Egypt→Israel→Greece,Multi-country cohort,"A traveling cohort of six families plus a teacher who journey together through Italy, Morocco, Egypt, Israel and Greece.",,,American/Danish-led,High,https://www.facebook.com/thetogetherexplorers/,,web research (gathering-places + Spanish cut + traveling),,Together Explorers (R119): https://www.facebook.com/thetogetherexplorers/
Project World School,traveling,False,dropoff,"multi (Greece, Peru, global)",Peloponnese/Pelion/Athens GR; Cusco PE,Multi-day retreats + family summits,Founders of 'We Are Worldschoolers'. Teen-focused immersive retreats.,Teens & young adults,Varies,,web candidate (High),projectworldschool.com,,web research (WorldlyTribe; WorldschoolHubs blog),Lainie Liberti / Project World School,Website: https://projectworldschool.com ; WorldlyTribe directory: https://worldlytribe.com/worldschooling-hubs-directory/ ; WorldschoolHubs blog directory: https://blog.worldschoolhubs.com/worldschooling-hubs/ ; Project World School: https://projectworldschool.com/
Dream Big Travels,traveling,False,family,"multi (Japan, Malaysia)",Tokyo/Kyoto/Osaka JP; Borneo MY,9-day trips,"Organised family tour programs (Japan, Borneo).",Families,"~$2,185",,web candidate (Medium),dreambigtravels.com.au,,web research (WorldlyTribe; Worldschooly),Dream Big Travels,Website: https://dreambigtravels.com.au ; WorldlyTribe directory: https://worldlytribe.com/worldschooling-hubs-directory/ ; Worldschooly directory: https://worldschooly.com/hubs/
Worldschooling Journeys (Every Avenue),traveling,False,dropoff,multi (cruises + land),Global; Austria Bad Gastein land trip,Varies,Community cruises + group land trips. Note Austria trip overlaps existing Austria retreats.,Families,Varies,,web candidate (Medium),trips.everyavenue.com,,web research (WorldlyTribe),Every Avenue,Website: https://trips.everyavenue.com ; WorldlyTribe directory: https://worldlytribe.com/worldschooling-hubs-directory/
Sucre,spanish_immersion,True,family,Bolivia,Sucre,Year-round,"Bolivia's bargain Spanish-immersion capital (~$6/hr, clear accent) with a long-stay learner community where friendships form through the schools.",,,Mixed intl,Med,https://destinationlesstravel.com/sucre-spanish-school/,,web research (gathering-places + Spanish cut + traveling),,Website: https://destinationlesstravel.com/sucre-spanish-school/
Cuenca,spanish_immersion,True,family,Ecuador,Cuenca,Year-round,Colonial highland Ecuadorian city—cheap Spanish immersion and bilingual schools anchor an established expat-family base.,,,Mixed intl,Med,,,web research (gathering-places + Spanish cut + traveling),,Andean Global Studies — Cuenca (R115): https://www.andeanglobalstudies.org/spanish-schools-programs/cuenca-school-overview
Antigua,spanish_immersion,True,family,Guatemala,Antigua,Year-round (dry Nov–Apr),"The classic Latin-American Spanish-immersion town since the 1980s—cheap one-on-one lessons, homestays and flexible 1–5 week family stays.",,,Mixed intl,High,https://www.spanishacademyantiguena.com/,,web research (gathering-places + Spanish cut + traveling),,Website: https://www.spanishacademyantiguena.com/ ; No Back Home — Guatemala schools (R110): https://nobackhome.com/spanish-schools-in-guatemala/
Antigua Guatemala Global Explorers,spanish_immersion,False,dropoff,Guatemala,Antigua Guatemala,4-week program; shorter or longer participation permitted,"Guatemalan-owned and led cultural exchange program; safe, healthy, creative environment immersing in culture, traditions and language of Guatemala","{""min"": 3, ""max"": 17}",$650–$850 for the 4-week program,Mixed intl (Spanish),from PDF,https://www.antiguaworldschool.com,https://www.facebook.com/share/g/12LvQG7Whr8,PDF (June-2026 listing),Gabriela Alfaro,Website: https://www.antiguaworldschool.com ; Facebook / Instagram: https://www.facebook.com/share/g/12LvQG7Whr8 ; Worldschooling Hubs Worldwide (Listing) — June 2026  ·  manual_sources/:  ; Antigüeña Spanish Academy (R110): https://www.spanishacademyantiguena.com/ ; No Back Home — Guatemala schools (R110): https://nobackhome.com/spanish-schools-in-guatemala/
Lake Atitlán (San Pedro),spanish_immersion,True,family,Guatemala,San Pedro La Laguna,Year-round,Lakeside Guatemalan village whose cooperative Spanish schools run explicit kids-and-family immersion courses; long-stay traveler scene.,,,Mixed intl,High,https://sanpedrospanishschool.com/,,web research (gathering-places + Spanish cut + traveling),,Website: https://sanpedrospanishschool.com/ ; San Pedro Spanish School (R111): https://sanpedrospanishschool.com/spanish-for-kids/
Worldschool Antigua Guatemala,spanish_immersion,False,dropoff,Guatemala,Antigua Guatemala,"Multiple 3-week programs across 2025–2026 (Sept, Oct, Nov, Jan, Feb, Jun, Jul)","Not traditional schooling — cultural learning, crafts, physical learning and emotional learning","{""min"": 4, ""max"": 12}",2025: ~$700 / 2026: ~$770 USD for the 3-week program per child,Mixed intl,from PDF,,https://www.facebook.com/groups/1242934149733237,PDF (June-2026 listing),Alana O'Donohue,Facebook / Instagram: https://www.facebook.com/groups/1242934149733237 ; Worldschooling Hubs Worldwide (Listing) — June 2026  ·  manual_sources/:  ; Antigüeña Spanish Academy (R110): https://www.spanishacademyantiguena.com/ ; No Back Home — Guatemala schools (R110): https://nobackhome.com/spanish-schools-in-guatemala/
Oaxaca (Spanish schools),spanish_immersion,True,family,Mexico,Oaxaca,Nov–Apr,Cultural Mexican city with long-running immersion schools (Instituto Cultural Oaxaca) plus Deliberate Detour programs; worldschooling families nest here Nov–Apr.,,,US/Canadian + intl,High,https://www.icomexico.com/,,web research (gathering-places + Spanish cut + traveling),,Website: https://www.icomexico.com/ ; Deliberate Detour (R76): https://deliberatedetour.com/
San Cristóbal de las Casas,spanish_immersion,True,family,Mexico,San Cristóbal,Nov–Apr,"Highland Chiapas town with Spanish schools (Tierras Mayas, Fluenz) where worldschooling families have based for months.",,,Mixed intl,Med,,,web research (gathering-places + Spanish cut + traveling),,Fluenz — Chiapas (R113): https://fluenz.com/spanish-immersion/chiapas
Granada (family Spanish),spanish_immersion,True,family,Spain,Granada,Year-round,"Andalusian city offering family Spanish courses (Escuela Montalbán, Enforex) with teacher-homestays—the EU option for immersion.",,,Mixed European,Med,https://www.escuela-montalban.com/,,web research (gathering-places + Spanish cut + traveling),,Website: https://www.escuela-montalban.com/ ; Escuela Montalbán — family Spanish (R118): https://www.escuela-montalban.com/en/courses/spanish-for-families.php
Jewish Worldschoolers,online,False,family,,,2026 date TBD,A whole-family online community.,"{""min"": 0, ""max"": 100}",,Israeli/Jewish,Low,,https://www.facebook.com/groups/JewishWorldschoolers,PDF (June-2026 listing),Rachael Love Cohen,Facebook / Instagram: https://www.facebook.com/groups/JewishWorldschoolers ; Worldschooling Hubs Worldwide (Listing) — June 2026  ·  manual_sources/: 
The Hub,online,False,dropoff,,,"Aug/Sept through Nov/Dec, and Jan/Feb through May/June","Project-based group work — games, puzzles, collaborative storytelling and art, research and presenting, video production; jointly selected by participants and facilitators","{""min"": 9, ""max"": 16, ""note"": ""9 to 16+""}",Varies; scholarships available if needed,,from PDF,https://thehub.community,https://www.facebook.com/TheHubCommunityGroup,PDF (June-2026 listing),Luba Vangelova,Website: https://thehub.community ; Facebook / Instagram: https://www.facebook.com/TheHubCommunityGroup ; Worldschooling Hubs Worldwide (Listing) — June 2026  ·  manual_sources/: 
Worldly Teens,online,False,dropoff,,,active,A drop-off online community.,"{""min"": 13, ""max"": 17}",Free chat on Discord; in-person event TBC,,Low,,,PDF (June-2026 listing),Sophie Morris,Worldschooling Hubs Worldwide (Listing) — June 2026  ·  manual_sources/: 
Worldschool.au,online,False,dropoff,Australia + Indonesia,Australia & Bali,Year-round network,Australian-connected hub network running locally + in Bali.,All,Free,,web candidate (Medium),worldschool.au,,web research (WorldlyTribe),Worldschool.au,Website: https://worldschool.au ; WorldlyTribe directory: https://worldlytribe.com/worldschooling-hubs-directory/
Bliss Hubs Siem Reap,online,False,,Cambodia,Siem Reap,Long-stay,"Bliss community hub, Siem Reap.",All,Free (community),,web candidate (Medium),worldschooly.com/hub/siem-reap-bliss-hub-cambodia/,,web research (Worldschooly),Bliss Hubs,Website: https://worldschooly.com/hub/siem-reap-bliss-hub-cambodia/ ; Worldschooly directory: https://worldschooly.com/hubs/
Shanti Shanti,online,False,family,Cambodia,Kampot,Slow riverside base; meetups,Riverside community popular with longer-stay families.,All,Free / ~$200 meetup,,web candidate (Medium),worldschooly.com/hub/shanti-shanti-kampot...,,web research (Worldschooly; WorldlyTribe),Shanti Shanti,Website: https://worldschooly.com/hub/shanti-shanti-kampot... ; WorldlyTribe directory: https://worldlytribe.com/worldschooling-hubs-directory/ ; Worldschooly directory: https://worldschooly.com/hubs/
My Worldschool Hub,online,False,family,England,Brighton & Margate,Community meetups,Community hubs for families easing into worldschooling (UK).,All,Free,,web candidate (Medium),,instagram.com/myworldschoolhub,web research (WorldlyTribe),My Worldschool Hub,Facebook / Instagram: https://instagram.com/myworldschoolhub ; WorldlyTribe directory: https://worldlytribe.com/worldschooling-hubs-directory/
Bliss Hubs Bali,online,False,,Indonesia,Bali,Year-round,Free WhatsApp community hub.,All,Free,,web candidate (Medium),blissinvestor.com,,web research (WorldlyTribe),Bliss Investor,Website: https://blissinvestor.com ; WorldlyTribe directory: https://worldlytribe.com/worldschooling-hubs-directory/
Bliss Hubs Kuala Lumpur,online,False,,Malaysia,Kuala Lumpur,Year-round,Year-round Malaysian city repeatedly named the best SE-Asia base for homeschooling community and flexible long stays.,All,Free,,web candidate (Medium),blissinvestor.com,,web research (WorldlyTribe),Bliss Investor,Website: https://blissinvestor.com ; WorldlyTribe directory: https://worldlytribe.com/worldschooling-hubs-directory/ ; Parenting&Passports — KL (R2): https://parentingandpassports.com/worldschooling-slow-travel-southeast-asia/
Algarve Worldschooling Hub (Naturally Richer),online,False,dropoff,Portugal,Algarve,Nov-May; 1 week to several months,"Optional daily meetups (beach, hikes, arts, cultural outings).",Families,€50-200 participation,,web candidate (Medium),naturallyricher.com,,web research (WorldschoolHubs blog; sources.md registry),Katarina Garnett,Website: https://naturallyricher.com ; WorldschoolHubs blog directory: https://blog.worldschoolhubs.com/worldschooling-hubs/
Porto Grana Worldschoolers Hub,online,False,dropoff,Portugal,Porto Grana,Community studio,Community studio hub in Portugal.,All,Free,,web candidate (Medium),portograna.wixsite.com,,web research (WorldlyTribe),Porto Grana,Website: https://portograna.wixsite.com ; WorldlyTribe directory: https://worldlytribe.com/worldschooling-hubs-directory/
Fuerteventura Worldschool Hub,online,False,family,Spain,"Fuerteventura, Canary Islands",Short-term,"Self-driven family hub, Canary Islands.",Mixed,Varies,,web candidate (Medium),theworldschoolatlas.com/listing/fuerteventura-worldschool-hub/,,web research (Worldschool Atlas),,Website: https://theworldschoolatlas.com/listing/fuerteventura-worldschool-hub/ ; Worldschool Atlas directory: https://theworldschoolatlas.com/
Gran Canaria Worldschool Hub,online,False,family,Spain,"Gran Canaria, Canary Islands",Pop-up/event,"Self-driven family hub, Canary Islands.",Mixed,Varies,,web candidate (Medium),theworldschoolatlas.com/listing/gran-canaria-worldschool-hub/,,web research (Worldschool Atlas),,Website: https://theworldschoolatlas.com/listing/gran-canaria-worldschool-hub/ ; Worldschool Atlas directory: https://theworldschoolatlas.com/
Tenerife Worldschool Hub,online,False,family,Spain,"Tenerife, Canary Islands",Varies,"Self-driven family hub, Canary Islands.",Mixed,Varies,,web candidate (Medium),theworldschoolatlas.com/listing/tenerife-worldschool-hub/,,web research (Worldschool Atlas),,Website: https://theworldschoolatlas.com/listing/tenerife-worldschool-hub/ ; Worldschool Atlas directory: https://theworldschoolatlas.com/
Bliss Hubs Koh Lanta,online,False,family,Thailand,Koh Lanta,Nov–Apr,Free WhatsApp community for longer-stay families.,All,Free,Swedish / Scandinavian,web candidate (Medium),blissinvestor.com/community/worldschoolers-in-koh-lanta-thailand/,,web research (Bliss Hubs; WorldlyTribe),Bliss Investor,Website: https://blissinvestor.com/community/worldschoolers-in-koh-lanta-thailand/ ; WorldlyTribe directory: https://worldlytribe.com/worldschooling-hubs-directory/ ; Bliss Hubs directory: https://blissinvestor.com/ ; Scandasia — Koh Lanta Swedish (R103): https://scandasia.com/3397-taking-thaim-out-immensely-popular-among-the-swedes/ ; Parenting&Passports — Koh Lanta (R9): https://parentingandpassports.com/
Bliss Hubs Krabi,online,False,family,Thailand,Krabi (Andaman coast),Year-round,A whole-family online community in Krabi (Andaman coast).,All,Free,,web candidate (Medium),blissinvestor.com,,web research (WorldlyTribe),Bliss Investor,Website: https://blissinvestor.com ; WorldlyTribe directory: https://worldlytribe.com/worldschooling-hubs-directory/
Panya Forest,online,False,,Thailand,Mae Taeng,Year-round,Permaculture community hub in northern Thailand.,All,Varies,,web candidate (Medium),panyaforest.com,,web research (WorldlyTribe),Panya,Website: https://panyaforest.com ; WorldlyTribe directory: https://worldlytribe.com/worldschooling-hubs-directory/
Remote Family Database (directory),online,False,family,global (online),n/a,n/a,Filterable worldschooling DB. Add to sources.md rather than as a hub.,All,Free,,web candidate (Low),remotefamily.com,,web research (WorldlyTribe),Remote Family,Website: https://remotefamily.com ; WorldlyTribe directory: https://worldlytribe.com/worldschooling-hubs-directory/
We Are Worldschoolers (online),online,False,dropoff,global (online),n/a,n/a,One of the most established communities. Founder also runs Project World School.,All,Free,,web candidate (Low),,facebook.com 'We Are Worldschoolers',web research (WorldschoolHubs blog),Lainie Liberti,Facebook / Instagram: https://facebook.com 'We Are Worldschoolers' ; WorldschoolHubs blog directory: https://blog.worldschoolhubs.com/worldschooling-hubs/
WorldSchool Collective (directory),online,False,dropoff,global (online),n/a,n/a,Listed as a directory/resource. Better as a source than a hub entry.,All,Free,,web candidate (Low),worldschoolcollective.com,,web research (WorldschoolHubs blog),WorldSchool Collective,Website: https://worldschoolcollective.com ; WorldschoolHubs blog directory: https://blog.worldschoolhubs.com/worldschooling-hubs/
Worldschooling Central (online),online,False,dropoff,global (online),n/a,n/a,"Major FB community (~10K). Per project rules, a discovery channel not an entry - confirm if you want it listed.",All,Free,,web candidate (Low),facebook.com/groups/worldschoolingcentral,,web research (WorldlyTribe; sources.md),Worldschooling Central,WorldlyTribe directory: https://worldlytribe.com/worldschooling-hubs-directory/
